<?xml version="1.0" encoding="UTF-8" standalone="yes"?>
<definitions xmlns="http://www.omg.org/spec/BPMN/20100524/MODEL" xmlns:activiti="http://activiti.org/bpmn" xmlns:bpmndi="http://www.omg.org/spec/BPMN/20100524/DI" xmlns:omgdc="http://www.omg.org/spec/DD/20100524/DC" xmlns:omgdi="http://www.omg.org/spec/DD/20100524/DI" xmlns:tns="http://www.activiti.org/test" xmlns:xsd="http://www.w3.org/2001/XMLSchema" xmlns:xsi="http://www.w3.org/2001/XMLSchema-instance" expressionLanguage="http://www.w3.org/1999/XPath" id="m1562061862661" name="" targetNamespace="http://www.activiti.org/test" typeLanguage="http://www.w3.org/2001/XMLSchema">
  <process id="singleAssignee" isClosed="false" isExecutable="true" name="单个受理人" processType="None">
    <startEvent id="startevent1" name="Start"/>
    <endEvent id="endevent1" name="End"/>
    <userTask activiti:assignee="${user1}" activiti:exclusive="true" id="usertask1" name="User Task1"/>
    <userTask activiti:assignee="${user2}" activiti:exclusive="true" id="usertask2" name="User Task2"/>
    <sequenceFlow id="flow1" sourceRef="startevent1" targetRef="usertask1"/>
    <sequenceFlow id="flow2" sourceRef="usertask1" targetRef="usertask2"/>
    <sequenceFlow id="flow3" sourceRef="usertask2" targetRef="endevent1"/>
  </process>
  <bpmndi:BPMNDiagram documentation="background=#FFFFFF;count=1;horizontalcount=1;orientation=0;width=842.4;height=1195.2;imageableWidth=832.4;imageableHeight=1185.2;imageableX=5.0;imageableY=5.0" id="Diagram-_1" name="New Diagram">
    <bpmndi:BPMNPlane bpmnElement="singleAssignee">
      <bpmndi:BPMNShape bpmnElement="startevent1" id="Shape-startevent1">
        <omgdc:Bounds height="32.0" width="32.0" x="140.0" y="40.0"/>
        <bpmndi:BPMNLabel>
          <omgdc:Bounds height="32.0" width="32.0" x="0.0" y="0.0"/>
        </bpmndi:BPMNLabel>
      </bpmndi:BPMNShape>
      <bpmndi:BPMNShape bpmnElement="endevent1" id="Shape-endevent1">
        <omgdc:Bounds height="32.0" width="32.0" x="140.0" y="260.0"/>
        <bpmndi:BPMNLabel>
          <omgdc:Bounds height="32.0" width="32.0" x="0.0" y="0.0"/>
        </bpmndi:BPMNLabel>
      </bpmndi:BPMNShape>
      <bpmndi:BPMNShape bpmnElement="usertask1" id="Shape-usertask1">
        <omgdc:Bounds height="55.0" width="105.0" x="105.0" y="100.0"/>
        <bpmndi:BPMNLabel>
          <omgdc:Bounds height="55.0" width="105.0" x="0.0" y="0.0"/>
        </bpmndi:BPMNLabel>
      </bpmndi:BPMNShape>
      <bpmndi:BPMNShape bpmnElement="usertask2" id="Shape-usertask2">
        <omgdc:Bounds height="55.0" width="105.0" x="105.0" y="180.0"/>
        <bpmndi:BPMNLabel>
          <omgdc:Bounds height="55.0" width="105.0" x="0.0" y="0.0"/>
        </bpmndi:BPMNLabel>
      </bpmndi:BPMNShape>
      <bpmndi:BPMNEdge bpmnElement="flow1" id="BPMNEdge_flow1" sourceElement="startevent1" targetElement="usertask1">
        <omgdi:waypoint x="156.0" y="72.0"/>
        <omgdi:waypoint x="156.0" y="100.0"/>
        <bpmndi:BPMNLabel>
          <omgdc:Bounds height="-1.0" width="-1.0" x="-1.0" y="-1.0"/>
        </bpmndi:BPMNLabel>
      </bpmndi:BPMNEdge>
      <bpmndi:BPMNEdge bpmnElement="flow2" id="BPMNEdge_flow2" sourceElement="usertask1" targetElement="usertask2">
        <omgdi:waypoint x="157.5" y="155.0"/>
        <omgdi:waypoint x="157.5" y="180.0"/>
        <bpmndi:BPMNLabel>
          <omgdc:Bounds height="-1.0" width="-1.0" x="-1.0" y="-1.0"/>
        </bpmndi:BPMNLabel>
      </bpmndi:BPMNEdge>
      <bpmndi:BPMNEdge bpmnElement="flow3" id="BPMNEdge_flow3" sourceElement="usertask2" targetElement="endevent1">
        <omgdi:waypoint x="156.0" y="235.0"/>
        <omgdi:waypoint x="156.0" y="260.0"/>
        <bpmndi:BPMNLabel>
          <omgdc:Bounds height="-1.0" width="-1.0" x="-1.0" y="-1.0"/>
        </bpmndi:BPMNLabel>
      </bpmndi:BPMNEdge>
    </bpmndi:BPMNPlane>
  </bpmndi:BPMNDiagram>
</definitions>
